Sr No,Blood Bank Name,State,District,City,Address,Pincode,Contact No,Mobile,Helpline,Fax,Email,Website,Nodal Officer,Contact Nodal Officer,Mobile Nodal Officer,Email Nodal Officer,Qualification Nodal Officer,Category,Blood Component Available,Apheresis,Service Time,License #,Date License Obtained,Date of Renewal,Latitude,Longitude
2822,Sub Divisional Hospital Blood Bank Islampur,West Bengal,Uttar Dinajpur,Islampur,P.O. Islampur,733202,N/A,9830385878,N/A,N/A,Islampurbloodbank@gmail.com,,Dr. Q. Imam,9434960848,9830385878,,MBBS,Government,NO,,24x7,DL-104-MB/SLA/CLAA/WB,22-04-2003,2013-2017 (R),26.257667,88.185293
1800,Dr. B.L. Kapoor Memorial Hospital Blood Bank,Punjab,LUDHIANA,Ludhiana,"Sabzi Mandi Road, G.T.Road, Old Sabzi Mandi, Dal Bazar",141008,"0161 2743043, 0161-2743053","09814098338, 09888822244",No,No,komalb075@gmail.com,http://www.blkapurhospital.com/,Dr Amrinder Sekhon,,9814098338,agsekhon@hotmail.com,,Private,NO,NO,24x7,1738-B,11/3/2002,Under Process,30.920492,75.849864
1402,Mahatma Gandhi Seva Mandir Blood Bank,Maharashtra,MUMBAI,Mumbai,"Mahatma Gandhi Seva Mandir Hospital, 2nd Floor, Opposite to Bandra Lake, S. V. Road, Bandra (W), Mumbai",,"022 26431893, 022 26431897",,,,,,Dr. Kishor Jha,"022 26431893, 022 26431897, 022 26431899",9820554307,kishorejha8@rediffmail.com,"MD (Pathology), DPS",Charity,YES,YES,24x7,MH004614,01-11-2008,Applied for renewal,19.055801,72.836932
1011,Taluk Head Quarters Hospital Blood Bank,Kerala,KOLLAM,Kottakkara,,691506,0474 2452610,9446266463,,0474 2452610,,,Dr. Sindhu,0474 2452610,9446266463,bbktra@gmail.com,Medical Officer,Government,NO,NO,24x7,145/28C/KER/DC-CLAA/04,6/3/2010,5/1/2019,9.004354,76.775632
154,West Siang District Hospital Blood Bank,Arunachal Pradesh,WEST SIANG,Aalo,"District Hospital, Medical Complex, Aalo",791001,,9436056268,N/A,N/A,yatugee@gmail.com,,Dr. Yatu Gee Kena,,9436056268,fr.ygee1998@gmail.com,"MBBS, DCP",Government,NO,NO,24 x 7,BB/DL/2011/05,9/8/2011,9/7/2016,28.169282,94.801031
10,Indian Red Cross Society Blood bank RCH -II KADIRI,Andhra Pradesh,ANANTAPUR,Kadiri,"Ground Floor, APVVP (Government General Hospital) Area Hospital, Kadiri, Ananthapur",515591,08494 221544,9989738689,NA,NA,kadiriircs@gmail.com,,Dr. G. P. Subbrayudu,NA,9989738689,kadiriircs@gmail.com,"MBBS, Diploma in Dermatology",Government,NO,NO,24x7,ATP/AP/2008/BB/G,16.07.2008,15.07.2013,14.113089,78.157366
1453,Sahada Blood Bank - Shree Swami  Samartha Vaidyakiya  Shaikshanik and Sanshodhan Sanstha,Maharashtra,NANDURBAR,Nandurbar,"C/o. 1st Floor, Shushrut Hospital, Khetiya Road, Survey , No. 67/3, Plot No. 3, Sahada, Nandurbar",425409,,9371855918,,,bb_shahada@yahoo.com,,Dr. Navinchandra  Shah,9371855918,9823065094,bb_shahada@yahoo.com,MBBS,Charity,NO,NO,24x7,NKD/53,28-02-2013,27-02-2018,21.554798,74.472874
1873,Santokba Durlabhji Medical Hopsital Blood bank,Rajasthan,JAIPUR,Jaipur,"Santokba Durlabhji Memorial Hospital cum Medical Research Institute, 5th Floor, SDMH OPD Block, Bhawani Singh Road, Bapu Nagar",302015,"0141 256 6251, 0141-5196655",9414043886,"0141 2566251, 0141 2566258",0141-5110209,dineshchaturvedi36@yahoo.in,http://sdmh.in/,Dr. G.N. Gupta,,9929607025,guptagajendra@yahoo.com,MD,Charity,YES,,24x7,raj2473,2013,2018,26.893786,75.812174
2722,Kasturba Gandhi Hospital Blood Bank,West Bengal,BARDHAMAN,Burdwan,"Chittaranjan Locovotive Works, Barddhaman Rd, Alipore",713331,"0341 252 5645, 0342 2525822","09163340505, 09830040499",,,,,Dr. Shyamal Mukherjee,9163340505,9163340505,,MBBS,Government,NO,NO,24x7,DL-100-MB/SLA/CLAA/WB,27-02-2002,31-12-2013 (R),23.849528,86.895907
2638,Tarawati Nursing Home Private Limited Blood Bank,Uttar Pradesh,SAHARANPUR,Saharanpur,Bajoria Road,247001,0132 2716003,9359202132,N/A,N/A,N/A,,Dr. Rajeev,8273013215,8273013215,,MD (Pathology),Private,NO,,12am to 7pm,UP/B&BP/2012/2013,19-03-2012,19-03-2017,29.95683,77.557192
2773,Chittaranjan National Cancer Institute Blood Bank,West Bengal,KOLKATA,Kolkata,"37, SP Mukherjee Road",700026,033 24765101,9434367371,N/A,N/A,,http://cnci.org.in/contactus.htm,Dr. G. K Mondal,9231856613,,,,Government,NO,,24x7,DL-36-MB/SLA/CLAA/WB,27-12-1996,02-06-2010 upto 01-06-2015 (L),22.526268,88.347256
2763,B.M. Birla Heart Research Centre Blood Bank,West Bengal,KOLKATA,KOLKATA,1/1 National Library Avenue,700027,"033 30403040, 033 30403112",033-30403114,3330403040,3324567000,bmbhrc.bloodbank@birlaheart.org,http://www.ckbirlahospitals.com,Dr Devashish R Desai,033-30403114,033-30403112,bmbhrc.bloodbank@birlaheart.org,M.B.B.S,Private,YES,NO,24x7,DL-63-MB/SLA/CLAA/WB,31-12-1996,31-12-2016,22.53269,88.328346
1622,District Hospital Blood Bank,Nagaland,DIMAPUR,Dimapur,"District Hospital Colony, Dimapur",797112,,9436009493,N/A,N/A,drtemsu@yahoo.com,,Dr. Temsu,,9436009493,drtemsu@yahoo.com,"MBBS, DCP",Government,YES,NO,24x7,DL/NL/02.G/B - 09-06-2014 to 31-12-2018,9/6/2014,31-12-2018,25.905078,93.731607
2237,Indian Red Cross Society Blood Bank,Telangana,ADILABAD,Nirmal,"Area Hospital, Gajulpet Road, near A1 Function Hall",504106,9440387455,8790988499,,,bloodbanknirmal@gmail.com,,Dr K.Pramod Kumar,,9951231887,bloodbanknirmal@gmail.com,,Government,YES,NO,24x7,11/AD/AP/2009/BB/G,13-08-2009,8/12/2014,19.664062,78.532011
184,Hayat Hospital Blood Bank,Assam,KAMRUP,Guwahati,"Odalbakra, Lalganesh",781034,0361-2475550/51/52/53/54,9508122223,N/A,N/A,"hayathospital@gmail.com, hhqualitycontrol@gmail.com",,Dr.Priyanka Dutta Choudhury,,9859708670,pdc.diva@gmail.com,,Private,NO,NO,24 x 7,,,,26.139171,91.746199
1809,Moga Civil Hospital Blood Bank,Punjab,MOGA,Moga,"Mina Bazar, New Town",142001,1636230540,9872990328,,,bbch.moga@hotmail.com,,Dr. Sumi Gupta,1636230540,09417427162,drsumigupta20@gmail.com,MD (Microbiology),Government,YES,NO,24x7,1707-B,2/2/2001,31-12-2017,30.811673,75.169349
532,Rajkot Voluntary Blood Bank and Research Centre,Gujarat,RAJKOT,Rajkot,"Rajkot Voluntary Blood Bank and Research Centre, , Pitroda House, Malaviya Road, Rajkot",360002,0281 2234242,"09898700101, 08460781366",,0281 24583400,"savelife@999life.org, kamlesh.dharajiya@999life.org",http://www.blood4life.org.in/,Dr. Kamlesh R. Dharajiya,9898700101,9898700101,"savelife@999life.org, kamlesh.dharajiya@999life.org",MD,Private,YES,NO,24X7,G/228,1/11/2013,31-10-2018,22.287302,70.8003
1046,K M C T Hospital Blood Bank,Kerala,KOZHIKODE,Kozhikode,,673572,"0495 2293500, 0495 2720466",,,,,,,,,,,Private,YES,NO,24x7,172/28C/KER/DC-CLAA/08,26-06-2008,24-06-2018,11.325893,75.971356
1943,CANCER INSTITUTE HOSPITAL BLOOD BANK,Tamil Nadu,CHENNAI,Adyar,"Cancer Institute (WIA) ,No.18 Sardar Patel road",600036,"044 22209150,044 24910754,044 22350241",,,044 24912085,cibloodbank3@gmail.com,http://www.cancerinstitutewia.org,Dr. Narmadha,,9840037100,drnarmadha01@gmail.com,MBBS,Charity,YES,YES,24X7,126,5/13/1997,31/12/2017,13.005335,80.239623
249,Sadar Hospital Muzaffarpur Blood Bank,Bihar,MUZAFFARPUR,Muzaffarpur,"Sutapatti, Pokhraira, Near Muzaffarpur Railway Station",842001,"0625-2266055, 0625-2266056",,,,bloodbanksadarhospitalmu21@gmail.com,,Dr.Kanhaiya Sharma,,9431638104,,MBBS,Government,NO,NO,24X7,83(N)2004,16.04.2004,A/F,0,0
447,Military Hospital Blood Bank,Gujarat,AHMEDABAD,Ahmedabad,"Military Hospital Blood Bank, 24, M. H. Complex, Ahmedabad",380003,,7567980891,,,,,Mr. Dharmesh Vishvkarma,,7567980891,,MD,Government,NO,NO,24X7,GB/138,24-05-2012,23-05-2019,0,0
1567,Vaidhya Blood Bank,Maharashtra,THANE,Thane,"1st Floor. Satyam Apartment, M.G. Road, Jeevan Jyot Hospital, Near Naupada Police Station, Thane (W)",400602,"022 25380787, 022 25411773",9892523533,,,,,Dr. Rajendra Kumar Agarwal,"022 25380787, 022 25411773",9892523533,vaidya_bloodbank@rediffmail.com,"MBBS, MD",Charity,YES,,24x7,KD/38/2006,26-09-2011,31-12-2016,19.187896,72.96724
680,District Hospital Blood Bank Ganderbal,Jammu and Kashmir,GANDERBAL,Ganderbal,Ganderbal,191201,0194 2416158,,,,,,,,,,,Government,,,,,,,34.1944531,74.652155
112,M/s. Seven Hills Hospital Blood Bank,Andhra Pradesh,VISAKHAPATNAM,Visakhapatnam,"D.No.11-4-4/A, 5th Floor, Rock Dale Layout, Waltair MainRoad, Visakhapatnam",530002,0891 6677777,9848199322,NA,0891 2565635,NA,http://www.sevenhillshospital.com,Dr. Venkatesh Giri,NA,9440401400,Venkatesh.s@sevenhillshospital.com,MD (Pathology),Private,NO,NO,24x7,07/VP/AP/2007/BB/CC,12.10.2009,11.10.2019,17.71737,83.309268
1734,Sri Guru Ram Das Institute of Medical Sciences and Research Blood bank,Punjab,AMRITSAR,Amritsar,"Mehta Road, PO Vallah",143501,0183 2870245,,,"0183-2870205, 2870344, 2870203",sgrdbloodbank@gmail.com,http://www.sgrdimsr.in/,Dr. Harjot Kaur,,09781516166,harjotbhandari@gmail.com,MD (Pathology),Charity,YES,YES,24x7,1823-B,04-12-2007,3/12/2017,31.635855,74.966905
582,M/s Sunflag Hospital and Research Centre Blood Bank,Haryana,FARIDABAD,Faridabad,"M/s Sunflag Hospital and Research Centre, Sector-16A,  Faridabad",121001,"0129 4199156, 0129 4199159",9910605254,,,sunflagbloodbank@gmail.com,,Dr. Anita Chabra,"0129 4199156, 0129 4199159",9910605254,sunflagbloodbank@gmail.com,MD (Pathology),Private,YES,YES,24X7,609-BH,30-07-2004,29-07-2019,28.40274,77.31823
2492,Modern Pathology and Blood Bank,Uttar Pradesh,GHAZIABAD,Ghaziabad,"SA-96, Shastri Nagar",201002,0120 2752570,"08750472409, 09651941352",N/A,N/A,N/A,,Dr. Swati Singh,N/A,N/A,N/A,MD (Pathology),Private,NO,NO,24x7,UP/B &BP/2009/7,20-04-2007 to 19-04-2012,20-04-2012 to 19-04-2017,0,0
467,Gandhi Lincon Hospital Blood Bank,Gujarat,Banaskantha,Banaskantha,"Bhansali Trust sanchalit Voluntary Blood Bank, Gandhi Lincon Hospital, Nr.Municipal Complex, Nr. Sardar-Baug, Deesa, , Banaskantha",385535,02744 220172,"09825067844, 09426445100",,,glh_deesa@yahoo.com drjagdish2000@yahoo.co.in,,Dr. Jagdish Soni,098250 67844,098250 67844,"glh_deesa@yahoo.com, drjagdish2000@yahoo.co.in",MBBS,Private,NO,NO,24X7,GB/11,Applied for renewal,Applied for renewal,24.256318,72.184372
1619,District Hospital Blood Bank Mamit,Mizoram,MAMIT,Mamit,"Blood Bank, District Hospital,Lungsir, Mamit",796441,0389 2565655,9862635066,N/A,0389 2565655,drzothani@gmail.com,,Dr. Zothansangi,9862635066,9862635066,drzothangi@gmail.com,"MBBS, MD",Government,NO,NO,24x7,MDCA/BB/9,9/8/2010,A/F renewal,23.909365,92.494861
819,Ocean Blood Bank,Karnataka,BENGALURU URBAN,Bengaluru,"No. 133-134, K. P. Broadway Road, Shivajinagar",560051,080 25552199,9845854991,,,,,Dr. Syed Azeezuddin,080 25552199,9845854991,oceansuh36@gmail.com,Medical officer,Private,NO,NO,24x7,KTK/28C-200/ 2007,1/6/2007,11/6/2017,12.982018,77.604484
2033,Kasturba Hospital Blood Bank,Tamil Nadu,DINDIGUL,Gandhigram,Gandhigram,624302,04510 2452328,N/A,N/A,N/A,,,,,,,,Charity,NO,NO,N/A,,,,0,0
1853,Raj Blood Bank Society,Rajasthan,BHARATPUR,Bharatpur,"Mori Char Bag, Near Janana hospital",321001,"05644-221313, 05644 236800, 05644 236550","09001994820, 09414043831",,,doctor.vinod.bansal@gmail.com,,Dr. Vinod Bansal,,9414025841,doctorvinod.bansal@gmail.com,MD,Government,YES,NO,24x7,RAJ2006,2011,31-12-2016,0,0
609,"National Blood Bank, Kharab Hospital Blood Bank",Haryana,HISAR,Hisar,"47, Near Budhla Sant Mandir, Rishi nagar,",125008,01662 225900,,,,mk885200@gmail.com,,Dr. Bimal Roy Narang,01662 225900,9896013027,nationalbloodbankhsr@gmail.com,MD (Pathology),Private,YES,NO,24X7,669,10/2/2014,9/2/2019,29.310977,76.344908
992,Kannur Medical college and Hospital (Prestige educational Trust) Blood Bank,Kerala,KANNUR,Anjarakandy,Chovva Mathanur Road,670612,0497 2855001,9744880098,,,,,,,,,,Private,YES,NO,24x7,159/28C/KER/DC-CLAA/06,3/4/2006,2/3/2016,11.875772,75.499253
2092,Vadamalayan Hospital Blood Bank,Tamil Nadu,MADURAI,Madurai,"Vadamalayan Hospital, No.9B, PT Rajan Road, Chokkikulam, Reserve Police Line",625002,0452 2545400,,,N/A,bloodbank@vadamalayan.org,http://www.vadamalayan.org,Dr. Padmini,N/A,9344156746,drkp21@gmail.com,"MBBS, MD(Micro)",Private,YES,NO,24x7,260/28c,5/7/2015,5/7/2015,9.942846,78.130616
2076,Siventhi Blood Bank (Siventhi Medical Trust),Tamil Nadu,Kanyakumari,Nagerkoil,"1/1  344 -A, M.S. Road,  Nagarkovil",629003,"04652 221221, 04652 221331",9894216218,,,,,,,,,,Charity,NO,,24x7,,,,0,0
715,S. N. Chakraborty Memorial Chakraborty Nursing Home Blood Bank,Jharkhand,DHANBAD,Dhanbad,"Debraj Complex, Dhansar, Dhanbad",828106,0326 2303621,9939900855,,,ranjansnh6@gmail.com,,Dr. C.S. Suman,0326 2303621,7765044779,drcsuman@gmail.com,"MBBS, DCP",Private,NO,NO,24X7,JH/BB/25/2010,29-01-2010,28-01-2015,0,0
1104,Saint Josephs Hospital Blood Bank,Kerala,THRISSUR,Choondal,,680502,04885 237185,8891191379,,,,,,04885 237185,,,,Private,NO,NO,24x7,074/28C/KER/DC-CLAA/97,5/5/1997,Pending,10.616859,76.094656
1566,Plasma Diagnostic Lab and Blood Bank,Maharashtra,THANE,Thane,"Meghdoot, Building, Gopal Nagar, Hotel Janaki, Opposite to Manjunath School, Dombivali( E)",421201,"0251 2802491, 0251 2453568, 0251 2438078",9820327325,,,,,Dr. Hasan Shah,"0251 2431932, 0251 2453568",9820327325,plasmatrust@gmail.com,MD (Pathology),Charity,YES,,24x7,KD/111,11/2/2009,11/1/2014,19.215794,73.096159
1128,Indira Gandhi Hospital Blood Bank,Lakshadweep,LAKSHADWEEP DISTRICT,Lakshadweep,"Kavaratti Island, UT of Lakshadweep",,,,,,,,,,,,,Government,,,,,,,0,0
360,Indian Red Cross Society (IRCS) Blood Bank,Dadra and Nagar Haveli,DADRA AND NAGAR HAVELI,Silvassa,"IRCS Red Cross House, Opposite to Bus Stand",396230,"0260 2640911, 0260 2640577",9824171269,NA,NA,NA,,Dr. Rajesh Shah,0260 2640911,9824171269,NA,MD,Charity,YES,NO,24X7,NH/BB/01,30-10-2003,30-10-2013,20.276266,73.008306
990,M/s. Al-Azhar Medical College & Super Speciality Hospital Blood Bank,Kerala,IDUKKI,Thodupuzha,"Building No. IV/305/A, Ezhalloor Post, Thodupuzha, Idukki",685605,04862 223000,9447773511,0486 223000,,info@aamc.org.in,http://www.aamc.org.in/,Mr. Santosh,04862 223000,9447773511,info@aamc.org.in,Lab Technician,Private,NO,NO,24x7,225/28C/KER/DC-CLAA/2015,1/2/2015,1/1/2020,9.940275,76.721012
2606,Lokpriya Hospital Blood Bank,Uttar Pradesh,MEERUT,Meerut,"Samrat Palace, Garh Road",250003,0121 2760040,,,0121 27770114,,,Dr. R.K.Agarwal,,9557044475,,MD (Pathology),Private,YES,YES,24x7,14 SC/P/OF 1998,31-12-2021,,28.968374,77.730585
1209,Gurjar Hospital and Endoscopy Centre Private Limited Blood Bank,Madhya Pradesh,INDORE,Indore,"44 B, Bhawarkuan Chouraha, A.B. Road",452009,"0731 2363716, 0731 2363717, 0731 2363718",9993172869,,,,http://www.gurjarhospital.in/,,,,,,,,,,,,,22.691901,75.866108
1112,Mother Hospital Blood Bank,Kerala,THRISSUR,Pullazhi,Olarikkara,680012,"0487 2434100, 0487 2361091",,,,,,,"0487 2434100, 0487 2361091",,,,Private,NO,NO,24x7,064/28C/KER/DC-CLAA/97,17-04-1997,31-12-2017,10.519157,76.185077
655,Chamba Regional Hospital Blood Bank,Himachal Pradesh,CHAMBA,Chamba,"Regional Hospital, Chamba",176310,01899 222210,9418069485,,01899 223010,,,Dr. Subhash Chauhan,01899 222210,09418732007,bbank007@gmail.com,MBBS,Government,NO,NO,24X7,MB/97/02,04-03-1997,Under Process,32.558834,76.12246
298,Government Multispeciality Hospital Blood Bank,Chandigarh,CHANDIGARH,Chandigarh,"Blood Bank, Government Multispeciality Hospital, Room No. 164 Sector 16 Chandigarh.",160016,0172 2701288,7837318512,NA,NA,bloodbankgmsh16@gmail.com,,Dr. Simerjit Kaur Sidhu,0172-2701288,7837318512,simerjit.gill@rediffmail.com,MD (Pathology),Government,NO,NO,24 x 7,7694/MB,22/9/1994,31/12/2016,30.751021,76.780967
1143,Indian Red7091 Cross Society (IRCS) Blood Bank,Madhya Pradesh,BHOPAL,Bhopal,"Indian Red Cross Society, Shivaji Nagar, Near J P Hospital",462016,0755 2526108,9303132652,,,,,Dr. O.P. Shrivastava,0755 2526108,9303132652,dropshrivastava@yahoo.co.in,MD (Pathology & Microbiology),Private,NO,NO,24x7,28C/39/97,18-12-2014,17-12-2019,23.2307,77.419553
2133,S Palaniyandi Mudaliar Memorial Hospital Blood Bank,Tamil Nadu,SALEM,Salem,"No. 29 Cuddalore Road,  Ammapet, Salem",636003,"0427 2244500, 0427 2240394, 0427 2240395",099946 46314,N/A,0427 2244510,spmmhospital@gmail.com,http://www.spmmhospital.com,S. Madheswaran,"0427 2244500, 0427 2240394, 0427 2240395",099946 46314,spmmhospital@gmail.com,DMLT,Charity,NO,NO,24x7,173/28 C,20-03-2002,19-03-2017,11.661224,78.192156
382,Mission Jan Jagriti Blood Bank,Delhi,NORTH EAST DELHI,Delhi,"MGS Hospital, 35/37 Rohtak road, West Punjabi Bagh, Adjacent to Maharaja Aggarsen Hospital, Near Shivali park metro station",110026,011 47053443,9811210662,,,"bhupendersingh@yahoo.in, info@missionjanjagriti.org",http://www.missionjanjagriti.org/,Dr. Bhaitya,1147053443,9811210662,drnkbhatia@yahoo.com,MD (Pathology),Charity,YES,YES,9:30 - 5:30pm,C(0013)/14/BB,19.06.2014,18.06.2019,28.606008,77.295437
2368,Bhaskar Medical College and General Hospital Blood Bank,Telangana,RANGAREDDY,Ranga Reddy,"Sy. No.220, 221/2 & 228, Yenkapally Village, Moinabad Mandal",,08413 235446 Extn: 214,,,,,,,,,bhaskarmc@gmail.com,,Private,,,,,,,0,0
376,Pushpawati Singhania Research Institute Blood bank,Delhi,NEW DELHI,New Delhi,"Press Enclave Marg, Sheikh Sarai, Phase-II",110017,1130611780,8375968248,,011 29252516,bloodbank@psri.net,http://www.psrihospital.com/,Dr.Dushyant Singh Rawat,1130611871,9818775177,"inchargebloodbank@psri.net, bloodbank@psri.net","MBBS, DIHB",Private,YES,YES,24x7,1745,Dec-11,31.12.2016,28.533218,77.225185
2699,H.N. Bahuguna Government Base Hospital Blood Bank,Uttarakhand,PAURI GARHWAL,Srinagar,"Base Hospital, Badrinath Road, Srinagar",246174,01346 222706,9412040359,N/A,N/A,N/A,,Dr. Satish Kumar,9412040359,9412040359,N/A,N/A,Government,YES,NO,24x7,N/A,N/A,N/A,30.222802,78.816142
1470,J.D.C. Bytco Hospital Blood Bank,Maharashtra,NASHIK,Nashik,"1st Floor, Bytco Hospital, Nashik Road, Behind Durga Garden, Shahu Path, Nashik",422101,"0253 2460251, 0253 24605352",,,,,,Dr. S. V. Nayak,,9860268411,,"MD, DVD",Government,NO,NO,,NKD/5,30-12-1992,31-12-2016,19.949132,73.838742
1687,HAL Hospital Blood Bank,Odisha,KORAPUT,Sunabeda,"Sunabeda, Koraput",763002,"06853 220234, 06583 220572",,,,halhospitalbloodbank@yahoo.com,,Dr. Prasanta Kumar Behera,06583 220572,8895453300,drprasanta_kb@rediffmail.com,,Government,NO,,24x7,239,2/12/1982,,18.729641,82.8215279
524,GMERS Medical College and Hospital Blood Bank Dharpur,Gujarat,PATAN,Patan,"Blood Bank, GMERS Medical College, Dharpur, Patan",N/A,02766 233311,7567889901,,,"bb001dharpur@gmail.com, drvipul09@gmail.com",,Dr. B. H. Parmar,7567889901,7567889901,"bb001dharpur@gmail.com, drvipul09@gmail.com",MD,Government,NO,NO,24X7,GB/166,24-02-2012,23-02-2017,23.84643,72.191676
2261,Share Medical Care (Mediciti Hospital) Blood Bank,Telangana,HYDERABAD,Hyderabad,"D.No. 5-9-22/B/103, Flat No.103, First Floor, My Home Sarovar Complex, Secretariat Road",500063,040 23231111,NA,NA,NA,info@medicitihospitals.com,,Dr. Laxmi Joythi,040 23231111,NA,info@medicitihospitals.com,MBBS,Private,YES,NO,24x7,124/HD/AP/1998/BB/R,21-10-1998,19-09-2016,17.406546,78.471614
1727,Sri Lakshminarayana Institute of Medical Sciences Blood Bank,Puducherry,Puducherry,Puducherry,"Osudu Agaram Village, Villianur Commune, Kudapakkam, Post, Opposite Oostheri Lake",605502,"0413 2299218, 2299219",N/A,N/A,N/A,rddocp@yahoo.com,http://www.slims.ac.in,Dr Roseline Deepa Dumont,0413 2299218,7708255948,deepadumont@gmail.com,"MBBS, PGDCP",Charity,YES,NO,24x7,6251669,15-02-2011,Awaited for Renewal Copy,11.938014,79.737529
66,Saint Ann&#39;s Hospital Blood Bank,Andhra Pradesh,KRISHNA,Vijayawada,"Punnammathota, Bandhar Road, Vijayawada - 2",520 002,0866 2572057,NA,NA,NA,annshospitall@gmail.com,,Dr. Rama,NA,9849668937,NA,MBBS,Private,NO,NO,24x7,163/KR/AP/2001/BB/R,07.08.2001,31.12.2017,0,0
1732,Yanam Old Age Home Blood Bank,Puducherry,Puducherry,Yanam,"D.no:7-4-055, Old Rajeev Nagar, River bank, Yanam",533464,8842324933,8842324933,N/A,N/A,yoah.eb.bb@gmail.com,,Dr. C.H. RamaKrishna Rao,0413 2324933,9866448704,ramakrishnaraochelikani@outlook.com,MBBS,Charity,NO,NO,24x7,8252240,19-06-2008,,16.729453,82.216893
822,Columbia Asia Referral Hospital Blood Bank,Karnataka,BENGALURU URBAN,Bengaluru,"26/4, Brigade Gateway, Beside Metro Cash and Carry West West, Malleshwaram,",560055,080 39898968,9972461925,"080 39898969, 080 61656262",080 30925454,,http://www.india.columbiaasia.com/,Dr. Jayashree D Kulkarni,080 39898968,9449040542,jayashree.kulkarni@columbiaasia.com,Medical Officer,Private,YES,YES,24x7,KTK/28C-225/2009,3/11/2009,1/11/2019,13.014167,77.556035
1183,Shri Guruji Raktkosh Blood Bank,Madhya Pradesh,GWALIOR,Gwalior,"Run by Taranekar Samiti Seva Nyas, Gwalior",474001,,,,,,,,,,,,,,,,,,,0,0
362,Diu District Blood Bank,Daman and Diu,DIU,Diu,"Govt Hospital, Near Sports Complex, Main Road, DIU",362520,02875 252480,8980034725,,02875 255080,diu.bloodbank@yahoo.com,,Dr. S. S. Sahoo,02875 252480,8980034725,drsssahoo1970@gmail.com,"MBBS, Fellowship in HIV Medicine, Diploma in Tropical Medicine",Government,NO,NO,24X7,DD/725,15/01/2014,valid upto 14/01/2019,20.712855,70.988929
527,General Hospital Blood Bank Porbandar,Gujarat,PORBANDAR,Porbandar,"Blood Bank, General Hospital, Porbandar",360575,0286 2242910,"09099079158, 09979882775",,,"dr.l.a.dhamelia@gmail.com, bhp.lab.bb@gmail.com",,Dr. Leeza Dhamelia,9979882775,9979882775,"dr.l.a.dhamelia@gmail.com, bhp.lab.bb@gmail.com",MD,Government,NO,NO,24X7,GB/719,14-06-2008,13-06-2013,21.636578,69.628472
158,Silchar Medical College and Hospital Blood Bank,Assam,CACHAR,Silchar,"Krishnapur Medical Road, Ghungoor, Silchar",788014,03842 229103,9435076209,N/A,N/A,bloodbanksmch@gmail.com,http://www.smcassam.gov.in/,Dr.Sumita Dutta Gupta,9435076209,9435170206,drsumitadg@gmail.com,"MBBS, MD (Pathologist)",Government,YES,NO,24 x 7,84/DR/Mfg/Blood,4/1/2012,2017,24.775578,92.794251
596,Fortis Memorial Research Institute Blood Bank,Haryana,GURGAON,Gurugram,"A unit of Fortis Hospitals Limited, Sector - 44, Opposite HUDA City Centre, Gurugram",122002,"0124 4962244, 0124 716 2200","08376908523, 08587099908",,,bloodbank.fmri@fortishealthcare.com,https://www.fmri.in/,Dr. Nabajyoti Choudhury,,8376908523,bloodbank.fmri@fortishospital.com,,Private,YES,,24X7,,,,28.456975,77.07299
925,Raichur Institute of Medical Sciences Teaching Hospital (RIMS) Blood Bank,Karnataka,RAICHUR,Raichur,Rajendra Gunj,584101,,9972777381,,08532 238489,,http://www.rims-raichur.com/,Dr. N. Prasanna Kumar,08532 238788,9972777381,,Pathologist,Private,YES,NO,24x7,KTK/28C-269/2014,7/1/2014,6/1/2019,16.229892,77.35936
1380,Cumbala Hill Hospital And Heart Institute Blood Bank,Maharashtra,MUMBAI,Mumbai,"93-95, August Kranti Maidan, Mumbai",400036,"022 23803674, 022 23803336, 022 23514740, 022 23511551",9821097083,,,,,Dr. Vivek G. Shirguppi,"022 23803674, 022 23803336",9892845140,"vivekshirguppi@yahoo.co.in, chh@vsnl.com",MD (Pathalogy),Charity,YES,,24x7,1078,1/1/2002,Applied for renewal,0,0
2116,Government Hospital Blood Bank,Tamil Nadu,PUDUKKOTTAI,Pudukkottai,"The Medical Officer,  Taluk Government  Hospital, Aranthangi",616614,04371 270544,7639364928,N/A,N/A,aranthangibb@gmail.com,,Dr. P.L. Subramaniyam,N/A,9487438826,aranthangibb@gmail.com,MBBS,Government,NO,NO,24x7,237,6/4/2004,5/4/2014,10.180049,79.000136
354,bilasa blood bank rajnandgaon,Chhattisgarh,RAJNANDGAON,Rajnandgaon,District hospital premises,491441,,,,,,,Dr.Sohadra Thakur,,9425557320,drrameshchandrakar@gmail.com,,Government,NO,,,,,,0,0
2660,Hind Blood Bank And Component Center,Uttar Pradesh,SITAPUR,Sitapur,Atariya,,0522-4927277,9415022105,,,,,Dr.Richa Mishra,0522-4927277,"941,502,210,509,415,000,000",,,Charity,YES,NO,24*7,UP/B&BP/2015/02,25-02-2015,24-02-2020,0,0
1502,Krantiveer Chapekar Bandhu Blood Bank,Maharashtra,PUNE,Pune,"Pimpri Chinchwad Mahanagar Palika Talera Hospital, Tanaji Nagar Chinchwad, Pune",411033,"020 27610054, 020 27610042",9922501583,,,,,Dr. Shankar B. Mosalagi,"020 27610054, 020 27610042",8380059406,,MD (Pathology),Charity,YES,,10am to 6pm,PD-13A,1/1/2008,31-12-2012,18.625689,73.784672
804,Bangalore Lions Service Trust - Lions Blood Bank,Karnataka,BENGALURU URBAN,Bengaluru,"Bhagwan Mahaveer Jain Hospital, Millers Road, Vasantha Nagar",560052,080 22266807,9845315670,,,,,Sri M B Deepak Suman,080 22266807,9845315670,lionsbloodbank@airtelmail.in,DMLT,Charity,YES,NO,24x7,KTK/28C-137/2001,18-09-2001,PENDING,12.989645,77.592754
1018,Government Hospital Blood Bank,Kerala,KOLLAM,Punalur,"Govt. Blood Bank , Thaluk hospital , Punalur",691305,"0475 2222702, 0475 2228702",9387324070,,0475 2222702,,,Dr.Mary Sanshya,0475 2222702,9567766043,thqhpunalur@gmail.com,junior consultant in Transfusion Medicine,Government,NO,NO,24x7,69/28C/KER/DC-CLAA/97,17-04-1997,Pending,9.019172,76.924716
1067,Valluvanad Hospital Blood Bank,Kerala,PALAKKAD,Ottapalam,,679104,0466 2244405,,,,,,,0466 2344900,,,,Private,NO,NO,24x7,188/28C/KER/DC-CLAA/09,3/12/2009,1/12/2019,10.774578,76.360532
689,Kishtwar District Hospital Blood Bank,Jammu and Kashmir,KISHTWAR,Kishtwar,"District Hospital, Near Bus stand Kishtwar.",182204,01995 261410,9018497123,,1995261410,bloodbankkishtwar@gmail.com,,Dr. Khanchan,,8492907929,dr.khanchain0115@gmail.com,"MBBS, DCP",Government,NO,NO,24X7,JK/01/05-06/79,18-05-2005,17-05-2010 (Under Process),33.3139274,75.7681239
1613,Synod Hospital Blood Bank Durtlang,Mizoram,AIZAWL,Aizawl,"Blood Bank, Synod Hospital, Durtlang",796025,0389 2361222,9863374335,N/A,0389 2361185,synodhospital@gmail.com,,Dr. Lalnunnemi,,9436156251,synodhospital@gmail.com,"MBBS, MD",Charity,YES,NO,24x7,MDCA/BB/2,17-03-1997,12/6/2017,23.772714,92.731326
2735,Rampurhat S.D. Hospital Blood Bank,West Bengal,BIRBHUM,Birbhum,"P.O. Rampurhat, Rampurahat hospital Road, Besides of NH-60",731224,"03461 255102, 03461 255285",9932613072,N/A,N/A,rsdhbb84@gmail.com,,Dr. P. K. Sana,7586070974,7586070974,rampurhatsdh@rediffmail.com,MBBS,Government,NO,NO,24x7,DL-106-MB/SLA/CLAA/WB,28-04-2003,"27-04-2013, Applied",24.188551,87.7930965
2020,Government Head Quarters Hospital Blood Bank,Tamil Nadu,CUDDALORE,Cuddalore,"Nellikuppam road, Cuddalore",607001,04142 292052,9443253439,N/A,N/A,cuddalorebloodbank@gmail.com,,Dr. Sai Leela,N/A,9443253439,cuddalorebloodbank@gmail.com,"MBBS, DGO",Government,NO,NO,24x7,102/28c,N/A,31-12-2017,11.756684,79.759266
1523,Miraj Medical Centre - Wanless Hospital Blood Bank,Maharashtra,SANGLI,Sangli,"Wanless Hospital Blood Bank, Medical Centre, Miraj",416410,"0233 2223291, 0233 2223292, 0233 2223293, 0233 2223294, 0233 2223295",9604542311,,0233 2223413,,http://www.whmmc.org,Dr. Prabha Sanjay Quereshi,"0233 2223291, 0233 2223292, 0233 2223293, 0233 2223294, 0233 2223295",9604542311,"san_whmmc@sanchar.net.in, scwhmmc@gmail.com, wanlesshospital@dataone.in",,Charity,YES,,24x7,28/406,1/1/2012,31-11-2016,16.832135,74.645472
398,Guru Tegh Bahadur Hospital Blood Bank,Delhi,SHAHDARA,Delhi,"G. T. B. Hospital, Shahdara",110095,011 22590148,,,,,http://delhi.gov.in/wps/wcm/connect/doit_gtbh/GTBH/Home,Dr. Bharat Singh,,9868399515,bsdirsbtc@yahoo.co.in,MD (Pathology),Government,YES,YES,24x7,1227,31.12.2011,31.12.2016,28.683856,77.309903
967,Malankara Orthodox Syrian Church Medical Mission Hospital Blood Bank,Kerala,ERNAKULAM,Ernakulam,Kolencherry,680311,0484 3055555,,,,,,Dr. Elizabeth Louis,0484 3055555,8086280942,bbankmose@mosemm.org,Medical Officer,Charity,NO,NO,24x7,170/28C/KER/DC-CLAA/07,15-11-2007,14-10-2017,9.983305,76.474382
1792,Khanna Civil Hospital Blood Bank,Punjab,LUDHIANA,Khanna,"Karnail Singh Rd, Ahluwalia Mohalla, Anant Nagar",141401,"01628220102, 01628 221724",,,,ictcchk@yahoo.com,,Dr.Harbinder Singh,,09814067540,harbindersingh99@yahoo.in,MD (Pathology),Government,NO,NO,24x7,1880-B,18-09-2013,17-09-2018,30.703465,76.222834
656,Bhota Charitable Hospital Blood Bank,Himachal Pradesh,HAMIRPUR,Bhota,Hamirpur,176041,01972 255096,9418497878,,,bhota@mjsmrs.net,,Dr. Naveen Chander,9418497878,9418497878,chander.naveen1@gmail.com,MBBS,Charity,NO,NO,24*7,BB/NZ/04/6,27-07-2004,26-07-2019,31.609374,76.569182
406,Saket City Hospital Blood Bank,Delhi,SOUTH DELHI,New Delhi,"Mandir Marg, Press Enclave Road, Saket",110017,"011 40699999, 011 71211062",9899673262,,09171211010 / 2133,bloodbank@saketcityhospital.com,http://www.saketcityhospital.com,Dr. Rashmi Sood,011 40699999,9899673262,bloodbank@saketcityhospital.com,"MBBS, DCP, DNB",Private,YES,YES,24x7,s0010/13/bb,12.7.13,11.07.2018,28.527686,77.214348
1137,District Hospital Blood Bank,Madhya Pradesh,BHIND,Bhind,District Hospital,477001,07534 234074,9977664494,,,,,Dr. Harendra Singh,9977664494,9977664494,harensingh024@gmail.com,"MBBS, DCP",Government,NO,NO,24x7,28C/2/2008,6/12/2008,5/12/2013,26.566008,78.782684
1085,General Hospital Blood Bank,Kerala,THIRUVANANTHAPURAM,ThiruvAnanthapuram,,,0471 2307874,9497425753,,,,,Dr. Mary Aloysius,0471 2307874,9497425753,bbghtvm@gmail.com,Medical Officer,Government,NO,NO,24x7,28/28C/KER/DC-CLAA/96,29-02-1996,31-12-2016,8.500115,76.94234
2666,District Hospital Blood Bank,Uttar Pradesh,UNNAO,Unnao,Orai,209801,0515 2840149,9415457880,N/A,N/A,,,,,,,,Government,,,N/A,,,,26.537805,80.478884
1926,Government General Hospital Blood Bank,Rajasthan,SIROHI,Sirohi,"Palace Road Sirohi, Near Govt College Sirohi,",307001,02972 220041,9414272256,,,pmosirohi@gmail.com,,Dr. Virendra Mahatma,,9414398586,pmosirohi@gmail.com,"MBBS, MD",Government,NO,NO,24x7,raj1794,Dec-12,31-12-2017,24.88629,72.859424
143,Changlang District Hospital Blood Bank,Arunachal Pradesh,CHANGLANG,Changlang,"District Hospital, Changlang District, Arunachal Pradesh",792120,,9436068812,N/A,N/A,minsingngemu@gmail.com,,Dr. Minsing Ngemu,,9436068812,minsingngemu@gmail.com,MBBS,Government,NO,NO,24 x 7,BB/DL/2011/01,15/06/2015,14/06/2016,27.139258,95.738757
841,Al-Ameen Medical College Hospital Blood Bank,Karnataka,Bijapur,Bijapur,"Athani Road, Bihapurkar",586101,08352 270113,9036358995,,08352 270251,,http://www.alameenmedical.org/,Dr. Saeed M Yendigeri,08352 270113,9036358995,patilbsus@yahoo.com,Medical Officer,Private,NO,NO,24x7,KTK/28C-165/2003,17-12-2003,Pending,16.825058,75.669209
1597,Aishwarya Blood Bank,Maharashtra,YAVATMAL,Yavatmal,"Survey No.3/2, Godhani Road, Gurunanak Nagar, Near Amolakshand College, Mouza, Umarsara, Yavatmal",445001,"07232 252500, 07232 242340",9860508090,,,bhongade@nagpur.dot.net.in,,Dr. Vinod R. Bhongade,07232 252500,9860508090,"drvbhongade@gmail.com, bhongade@nagpur.dot.net.in","MBBS, MD (Pathology), DPB",Charity,NO,NO,24x7,AMD/BB/22,12/10/2001,31-12-2017,20.389322,78.118544
274,Life Line Blood Bank,Bihar,PATNA,Patna,Govind Mitra Road,800004,0612 2301600,9234990509,,,lifelinebloodbank99@gmail.com,,Dr. Vijay Kumar,,"09334114009, 09234990509",lifelinebloodbank99@gmail.com,,Private,NO,,N/A,1345/99,01.01.2003,31.12.2012,0,0
922,Hutti Gold Hospital Blood Bank,Karnataka,RAICHUR,Hutti,"Hutti Gold Mines Limited, Raichur",584101,08532 275049,9986850870,,,,http://www.huttigold.co.in/,Dr. Vasanth Kumar,8532275463,9986850870,hygomin@sancharnet.in,MBBS,Private,NO,NO,24x7,KTK/28C-73/97,5/5/1997,30-12-2017,16.196412,76.653027
845,Indian Red Cross Society Blood Bank Chikkaballapur,Karnataka,Chikkaballapur,Chikkaballapur,"District Family Welfare Office, 2nd Floor, B. B. Road",561207,08156 272118,9844791189,,,,http://redcrosskarnataka.org/,Dr. Vikram R,08156 272118,9844791189,,Medical Officer,Charity,YES,NO,24x7,KTK/28C/246/2011,15-03-2012,14-03-2017,13.438043,77.72929
913,Rotary Mysore Chandrakala Hospital Blood Bank,Karnataka,Mysore,Mysore,"Chandrakala Hospital and Institute of Medical Research, Plot &#39;A&#39;, Kalidasa Road, Jayalakshmipuram",570012,0821 4288638,9731134312,,,,,Dr. Dhamoder A. M.,0821 4288638,9731134312,rchbb.mysore@rediffmail.com,Medical Officer,Private,NO,NO,24x7,KTK/28C-210/ 2007,18-12-2007,16-12-2017,12.325868,76.619519
1820,Rajpura Civil Hospital Blood Bank,Punjab,PATIALA,Rajpura Town,"AP Jain Hospital, Rajpura",140401,"01762 225539, 0175 221 2055",9872803453,01762 225539,,bloodbankchrajpura@gmail.com,,Dr. Anju Khurana,01762 225539,09872803453,anjukhurana650@gmail.com,MD (Pathology),Government,NO,NO,24x7,1656-B,23-10-1996,31-12-2016,30.478441,76.584065
39,Lions Club of Guntur Vision Blood Bank,Andhra Pradesh,GUNTUR,Guntur city,"1st Floor, Somuvari Street, Kothapeta, Guntur",522001,"0863 2336198, 0863 2336199",9246600777,,,,,Mr. Srinivas (Project Director),,9440262674,lionsvisionbloodbank@gmail.com,,Charity,YES,,,,,,0,0
1403,Manas Serological Institute Blood Bank,Maharashtra,MUMBAI,Mumbai,"CTS NO-167 / 168 / A1, 101-104, Grace Plaza, S. V. Road, , Near Railway Phatak, Jogeshwari (W), Mumbai",400102,022 26784546,9833832271,,,,,Dr. Cesamon Ponchol,022 26784546,9405233772,manasbbmumbai@gmail.com,"MBBS, MD",Charity,YES,,24x7,MH004636,13-10-2010,10/12/2015,19.13522,72.848108
503,"Sardar Patel voulantary Blood Bank, Keshod",Gujarat,JUNAGADH,Keshod,"Sardar patel voulantary Blood Bank, 1st Floor Sheetal Building, Ramnagar station road, Keshod, Junagadh",362220,02871 233353,9827577177,,,nitinjoshi673@gmail.com,,Dr. Nitin Joshi,9327477177,9327477177,nitinjoshi673@gmail.com,MBBS,Charity,NO,NO,24X7,GB/149,5/5/2011,4/5/2016,21.297078,70.246131
1376,Borivali Blood Bank (Doshi Memorial Charitable Trust),Maharashtra,MUMBAI,Mumbai,"3,4,5, Vithal Apartment, Near Ram Mandir, Mandpeshwar Road, Opposite, Flyover,  Borivali (w)",400103,"022 28936203, 022 28935219",9821052413,,,,,"Dr. Dinesh P. Vyas, Mr. Dinesh Asher","022 28936203, 022 28935219","09967460014, 09821052413, 09820263722",borivalibloodbank99@yahoo.com,MBBS,Charity,YES,,24x7,MH004616,,31-01-2018,19.199816,72.845937
2315,Prathima Institute of Medical Sciences Blood Bank,Telangana,KARIMNAGAR,Nagnur,"1st Floor, Hospital Building, Nagnur",505417,"0878 2216500, 08782216555, 08782216380/81",9948652670,7093066617,0878 2216400,pimsbbknr@gmail.com,http://www.prathimaeducation.org/,"Dr A Shardhrutha, Dr C H Raman Kumar",,7093066617,pimsbbknr@gmail.com,"MBBS, MD (Pathology)",Private,YES,YES,24x7,5/KN/AP/2002/BB/R,6/5/2002,6/4/2017,18.498565,79.151148
930,McGann Hospital Blood Bank,Karnataka,SHIVAMOGGA,Shimoga,Sagar Road,577201,08182 222412,9480575724,,,,,Dr. Sushmitha M. S.,08182 222412,9480575724,simsbloodbank@gmail.com,MBBS,Government,NO,NO,24x7,KTK/28C-58/97,7/4/1997,30-12-2017,13.935689,75.562968
1429,"ESI-PGIMSR, MGM Hospital Blood Bank",Maharashtra,MUMBAI,Mumbai,Mumbai,,,,,,,,,,,,,Government,,,,,,,0,0
1111,Medical College Hospital Blood Bank,Kerala,THRISSUR,Peringandoor,Mulangunnathukavu,680581,0487 2200310,9446372952,,,,,Dr. Pradeep Kumar,0487 2200310,9446372952,bbmctsr@gmail.com,Medical Officer,Government,YES,NO,24x7,157/28C/KER/DC-CLAA/05,20-12-2005,19-12-2015,10.630259,76.202424
30,District Headquarters Hospital,Andhra Pradesh,EAST GODAVARI,Rajahmundry,"Blood Bank Medical Officer, Blood Bank, District Headquarters . Hospital, Rajahmundry",533101,,9849520969,,,govtbloodbank.rjy@gmail.com,,,,,,,,,,24x7,,,,17.019708,81.791631
2043,Sri Saanthi Blood Bank (Run by Kaveri trust),Tamil Nadu,ERODE,Erode,"6-9, kandappa Lane, Brough Road, Erode",638001,,,,,,,,,,,,Charity,,,,,,,0,0
460,Indian Red Cross Society Blood Bank,Gujarat,AMRELI,Amreli,"Mahatma Muldas Red Cross Bhavan, Civil Hospital Campus",365601,"02792 223034, 02792 232854",9978554009,,,redcrossbloodbankamreli@gmail.com,http://shaileshpatel.net/redcross/public_html/public_html/districtbranches.html,Dr. Kaushik Bhuva,9978554009,9978554009,redcrossbloodbankamreli@gmail.com,MD (Pathology),Charity,NO,NO,24X7,GB/38,Applied for renewal,Applied for renewal,21.606994,71.22186
2325,Singareni Collieries Co. Ltd,Telangana,KHAMMAM,Manuguru,"Blood Bank Medical Officer,  Blood Bank, Singareni Collieries Co. Ltd, Manuguru, Dist. Khammam, Mobile no:9491145024",507117,N/A,9866803810,N/A,N/A,,,,,,,,,,,24x7,,,,17.931207,80.82662
1999,Ramana Gounder Medical Trust Hospital Blood Bank,Tamil Nadu,COIMBATORE,Coimbatore,"Mettupalayam Road, S. F. No. 47 and 48 Thudaiyalur",34,"0422 2642488, 0422 2642435",N/A,N/A,N/A,bloodbank@rgmt.org,,Dr. P. Muthulakshmi,N/A,9585511280,bloodbank@rgmt.org,"MBBS, DCH",Charity,YES,NO,24x7,335/28c,30-01-2001,25-06-2017,11.07054,76.942457
2671,Heritage Hospital,Uttar Pradesh,VARANASI,Varanasi,LANKA BHU ROAD,221005,0542 2368888,8953003624,N/A,N/A,,,,,,,,Private,NO,NO,24x7,,,,25.279165,83.003404
1145,MP Thelasmia Kid Care Society Blood Bank,Madhya Pradesh,BHOPAL,Bhopal,"Opposite Hamidia Hospital, 4, Fategarh, Sultania Road",462001,"0755 2538891, 0755 5242131",9827267821,,,,,Dr. Raja Maity,9993531133,9993531133,aditimaity@yahoo.co.in,"MBBS, DCP",Private,YES,NO,24x7,28C/3/2002,13-11-2002,not renewed after license granted on 2002,23.2582415,77.3952417
2498,Lok Priya Hospital Blood Bank,Uttar Pradesh,GHAZIABAD,Ghaziabad,"G.T. Road, Modinagar",250003,01232 247556,N/A,N/A,N/A,,,,,,,,Private,,,24x7,,,,28.968368,77.730589
2425,District Combined Hospital Blood Bank,Uttar Pradesh,AMROHA,Jyotiba Phule Nagar,,,0592 2253065,"07500612345, 07500712345",N/A,N/A,,,,,,,,Government,,,N/A,,,,0,0
1713,"Odisha Red Cross Blood Bank, SDH, Bonai",Odisha,Sundergarh,Sundargarh,"Sub Divisional Hospital Bonai, Bonaigarh",770038,06626 244500,9437117223,,,rcbbbonai@gmail.com,,Dr. Amit Kumar Mohapatra,,9437341987,drmohapatra77@gmail.com,,Government,NO,NO,24x7,809,23-11-2011,22-11-2016,21.819928,84.956534
1558,Gor Banjara RSS Jankalyan Samiti - Seva Blood Bank,Maharashtra,THANE,,"Basement Puspadev Appartment, Near Sarvesh Hall Opposite to Manav Kalyan Kendra Dombivli",,0251 2442283,9270767973,,,,,,,,,,Charity,,,,,,,0,0
1231,District Hospital Blood Bank Mandla,Madhya Pradesh,MANDLA,Mandla,District Hospital,481661,07642 253077,9425163929,,07642 251501,bloodbank_mandla@rediffmail.com,,Dr. Gourav Jetly,07642 253077,9425163929,bloodbank_mandla@rediffmail.com,"MBBS, M.S.",Government,NO,NO,24x7,28C/9/97,13-02-1997,31-12-2007,22.596278,80.370388
1765,Shivam Hospital Blood Bank,Punjab,HOSHIARPUR,Hoshiarpur,"Phagwara Road, Near Railway Crossing",146001,"081466 80263, 01882 248173, Extn -110",,"01882 248173, 01882 248273",1882248199,shivamhospital2012@gmail.com,http://www.shivamhospital.in/,Dr. S.K. Sharma,"01882 248173, Extn -110",,shivamhospital73@gmail.com,,Private,NO,YES,24x7,1903-B,25-11-2014,24-11-2019,31.520779,75.900469
533,Red Cross Blood Bank Rajkot,Gujarat,RAJKOT,Rajkot,"Red Cross Building, 1st Floor, Suchak Road, Near Kundaliya College, Rajkot",360001,"0281 2466260, 08866871717",9426953839,,0281-2464942,rajkot_ircs@yahoo.co.in,http://www.redcrossgujarat.org/,Gaurang M Pandya,9426953839,9426953839,pandyagm@yahoo.co.in,Office Assistant,Government,YES,NO,24X7,GB/158,19-10-2012,18-10-2017,22.295381,70.796956
2549,Sai Blood Bank,Uttar Pradesh,KANPUR NAGAR,Kanpur,"N-2, Kidwai Nagar",208011,0512 2607720,N/A,N/A,N/A,,,,,,,,Private,,,N/A,,,,26.433311,80.322243
2385,R.G.M Hospital Blood Bank Unakoti,Tripura,Unakoti,Kailashahar,"District Hospital Unakoti, Kailashahar, Unakoti, Opp to District Jail",799277,0382 4222221,9436372951,N/A,3824 222221,N/A,,Dr. Karuna Kanti Debbarma,9436372951,9436372951,N/A,"MBBS, DCP",Government,NO,NO,24x7,TRI/BB/4/96,21-12-1996,A/F renewal,24.304612,92.033366
1341,Indian Red Cross Society Blood Bank,Maharashtra,JALGAON,Jalgaon,"Near Civil Hospital, Athwadi Bazar, Opposite to B.J.Market, Jalgaon",425001,"0257 2226233, 0257 2236255, 0257 2235855",9422296753,,,ircs_jal@yahoo.in,,"Dr. Prakash A. Sanghavi, Dr.Prakash B. Jain","0257 2226233, 0257 2235855",9422296753,ircs_jal@yahoo.in,MBBS,Charity,YES,YES,24x7,NKD/58,4/3/2014,3/3/2019,21.011122,75.567945
2164,Sudiksha Prabhu Hospital Blood Bank and Research Centre,Tamil Nadu,Thoothukudi (TUTICORIN),Kovilpatti,"59,60, Chokkan Urani Street, AKS Theatre Road, V.O.C. Nagar, Kadershan Koil, Kovilpatti",628501,"04632 233939, 04632 233828",N/A,N/A,N/A,N/A,http://www.SudikshaPrabhuHospital.com,Dr. Prabhu,N/A,9443363944,ramadoss.prabhu@gmail.com,MBBS,Private,NO,NO,24x7,338,3/10/2012,2/10/2017,9.172693,77.864944
2662,District Joint Hospital,Uttar Pradesh,SONBHADRA,Sonbhadra,"SH 5A, Bhandar Khurd",231216,N/A,9161349145,N/A,N/A,,,,,,,,Government,,,N/A,,,,24.646173,83.058614
1996,PSG Hospital Blood Bank,Tamil Nadu,COIMBATORE,Coimbatore,"Avinashi Road, Kalluri Nagar, Peelamedu, PSG Medical College And Hospital Campus, Coimbatore",641004,0422 2570170,N/A,N/A,N/A,pathology@psgimsr.ac.in,http://www.psghospitals.com,Dr. Prasanna N Kumar,N/A,8220051590,pathology@psgimsr.ac.in,"MBBS, MD (Pathology)",Charity,YES,YES,24x7,28/28c,20-08-1991,17-08-2019,11.018766,77.007145
3,Pillar Health Centre Blood Bank,Andaman And Nicobar Islands,SOUTH ANDAMAN,Port Blair,"Lamba Line,, P.B. 526,, P.O. Junglighat, , Opposite Airport",744104,"03192 233193, 03192 233993",9474247585,03192 233193,N/A,pillarbloodbank2016@gmail.com,,Dr. Sr. Cross Mary,"03192 233193, 03192 233993",9474247585,crossgracy2003@yahoo.co.in,"MBBS, MD (Medicine)",Charity,NO,NO,24X7,DL3/CLAA/ANI,08.09.2010,10.06.2015,11.653229,92.730714
2201,Government Head Quarters Hospital Blood Bank,Tamil Nadu,TIRUPPUR,Tiruppur,"Government Head Quarters Hospital, Dharapuram Road, Tiruppur",641607,0421 2423400,9842230774,N/A,N/A,bloodbankghqhtcr@gmail.com,,Dr. Priya Visuvasam,N/A,"09842230774, 09688332480",bloodbankghqhtcr@gmail.com,"MBBS, DCH",Government,YES,NO,24x7,376/28 C,20-01-1998,26-06-2015,11.076008,77.36898
1931,Purohit Charitable Trust Blood Bank,Rajasthan,SRIGANGANAGAR,Sriganganagar,"11-12 G Block, Gaushala road",335001,0154 2489635,9414280808,,0154 2475277,purohitbloodbank@gmail.com,,Dr H R Panwar,0154 2489635,,purohitbloodbank@gmail.com,,Charity,YES,NO,24x7,RAJ1947,2011,31-12-2016,29.923281,73.874708
2024,Ashok Blood Bank and Clinical Laboratory,Tamil Nadu,DHARMAPURI,Dharmapuri,"No. 63A, Sengodipuram Road IInd Floor, Dharmapuri",636702,0434 2260627,9843260627,N/A,N/A,ashok123.ak@gmail.com,,Dr. R.N. Ramamoorthy,N/A,8148458172,ashok123.ak@gmail.com,MBBS,Private,NO,NO,24x7,186/28c,1/1/2001,31-12-2016,12.132581,78.161182
1339,Dhanwantri Blood Bank,Maharashtra,JALGAON,Jalgaon,"H. No. 5/464/1, T. P. Scheme, No-1, Survey No 124/1/3A Plot No. 777/3, Jamner Road, Rangoli Hotel, Jawal Anand Nagar Bhusawal, Jalgaon",425201,02582 243243,"09326728048, 07588053642",,,bloodbank308@yahoo.com,,Dr. Pravin Narayan Mahajan,"02582 243243, 02582 243000, 09326728048",9326728048,"bloodbank308@yahoo.com ,dhanawantaribbbsl@hotmail.com, mahajanpath@hotmail.com",MD (Pathology),Charity,YES,YES,24x7,NKD/34,29-01-2008,31-12-2017,21.034297,75.781029
2455,District Hospital Blood Bank,Uttar Pradesh,BUDAUN,Badaun,Bareilly,243601,05832 266264,7351009125,N/A,N/A,,,,,,,,Government,,,N/A,,,,28.027732,79.126275
1709,"Immuno-Haematology & Blood Transfusion Centre, Rourkela",Odisha,Sundergarh,Rourkela,"ISPAT General Hospital, Steel Authority of India ltd. Rourkela Steel Plant, Sector - 19",769005,6612439919,8895501126,,,bbighrourkela@gmail.com,,Dr. Maysa Soren,,8895501126,maysa.soren@sailrsp.co.in,"MBBS, diploma blood transfusion.",Government,YES,NO,24x7,67,12/9/1983,Applied,22.2640892,84.8651084
2633,Jeevan Rekha Charitable Blood Bank,Uttar Pradesh,PILIBHIT,Pilibhit,Gandhi Stadum Road,N/A,05882 253269,N/A,N/A,N/A,,,,,,,,Private,,,N/A,,,,0,0
2247,Basavatarakam Indo-American Cancer Hospital and Research Institute Blood Bank,Telangana,HYDERABAD,Banjara Hills,"Block.No. III, Cellar Portion,Road No.14, Banjara Hills",500034,040 23551235,,,,,,,,,syambbts@gmail.com,,Private,,,,,,,0,0
553,General Hospital Surendranagar Blood Bank,Gujarat,SURENDRANAGAR,Surendranagar,"Blood Bank, General Hospital, Surendranagar",363001,02752 222052,9727712214,,,cdmo.health.surendranagar@gmail.com,,Dr. H. R. Prajapati,9727712214,9727712214,"dr.harshad@yahoo.co.in, cdmo.health.surendranagar@gmail.com",MD,Government,NO,NO,24X7,GB/716,2014,Dec-19,22.7226,71.649165
2698,District Hospital Blood Bank,Uttarakhand,PAURI GARHWAL,Pauri Garhwal,"District Hospital, Pauri Garhwal",246001,01368 222086,N/A,N/A,N/A,N/A,,Dr. S. Kandwal,9412403065,9412403065,N/A,N/A,Government,NO,,N/A,N/A,N/A,N/A,30.150844,78.773687
336,"Dr B R Ambedkar Memorial Hospital, Model Blood Bank",Chhattisgarh,RAIPUR,Raipur,"Room No:120, 1st Floor, Attached with PT.J.N.M Medical College, Jail Road",492001,0771 2890090,9826148884,0771 2890090,0771 2888481,modelbloodbankraipurcg@gmail.com,,Dr Vijay Kapse,0771 2890090,9826148884,drvkapse@yahoo.com,MD (Pathology),Government,YES,YES,24x7,28-C/08/97,13-02-1997,21-12-2016,21.25076,81.639
74,"RCH -II Blood Bank, Area Hospital, Adoni",Andhra Pradesh,KURNOOL,Adoni,"Dr. H. Siva Reddy, Civil Surgeon RMO (Rtd),Medical Officer  IRCS, RCH-II, Blood Bank, Area Hospital, Adoni-518301",518301,,9440503302,,,drhsivareddy123@gmail.com,,,,,,,Government,NO,NO,24x7,26/KNL/AP/2009/BB/G,12/10/2010,11/10/2015.   SENT FOR RENEWAL ON 10/09/2015,15.632223,77.272837
2454,Shubham Sarvam Charitable Blood Bank,Uttar Pradesh,BIJNOR,Bijnore,Civil Lines,,,9456040012,,,,,Dr. Ranjeet Singh,9456040012,9456040012,masood.javed0@gmail.com,,Charity,YES,2,,,,,0,0
166,Dr. Damani&#39;s Nursing Home Blood Bank,Assam,DIBRUGARH,Dibrugarh,"L.G.B. Avenue, Near Circuit House",786001,0373 2300928,9435031702,N/A,0373 2302184,damani_medicos@rediffmail.com,,DR. B. K. Pandit,,9435725027,damani_medicos@rediffmail.com,"MBBS, MD",Private,NO,NO,24 x 7,26/DR/Mfg/Blood,20/01/1998,A/F renewal,27.4898858,94.9229632
2218,Melmaruvathur Adiparasakthi Institute of Medical Sciences and Research Blood Bank,Tamil Nadu,VILLUPURAM,Melmaruvathur,"A unit of Adiparasuthi Charitable Medical Eductional Cultural Trust, Melmaruvathur, Kancheepuram",603319,"044 27528302, 044 27528303, 044 27528304",9442882041,,,,http://www.mapims.org,,,,,,Private,YES,,24x7,,,,12.434226,79.81321
1937,Lokmitra Blood Bank and Thalassemia Research Centre,Rajasthan,UDAIPUR,Udaipur,"205, Bussiness Centre, Madhuvan",313001,0294 2413100,,,,lokmitrabloodbank@gmail.com,,Dr. R.P. Kinra,,9414167587,,MD,Charity,YES,NO,24x7,RAJ2442,22-02-2013,21-02-2018,24.581121,73.712858
1601,JNIMS Hospital Blood Bank and Transfusion Unit,Manipur,IMPHAL EAST,Porompat,"JNIMS Hospital, , Ryang Palli Road, Near TV Road, Porompat, Imphal East",795005,"0385 2443142, 0385 2443144",9862983562,,0835 2443142,surjitkonsam@gmail.com,,Dr. Surjit Konsam,9862983562,9862983562,surjitkonsam@gmail.com,"MBBS, Certificate Course in Blood Banking and IHT",Government,NO,NO,24x7,2/Blood Bank/ Biological/DHS-2015,13-05-2015,12/5/2020,24.811173,93.961697
290,Sadar Hospital Sitamarhi Blood Bank,Bihar,SITAMARHI,Sitamarhi,"NH 104, KVJ Nagar, Sitamarhi,",843302,,9473264433,,,bloodbanksitamarhi@gmail.com,,Dr.Shashibhushan Sinha,,9473264433,bloodbanksitamarhi@gmail.com,MBBS,Government,NO,NO,24HRS,74(N)/04,20-02-2004,applied for renewal 2009-13 and 2014-19,26.596243,85.494747
2094,Velammal Medical College Hospital and Reserach Institute Blood Bank,Tamil Nadu,MADURAI,Madurai,"Velammal Village, Madurai-Tuticorin Ring Road, Anuppanadi, Madurai",625009,0452 25110033,N/A,1.80043E+11,N/A,vmchbb@gmail.com,http://www.velammalmedicalcollege.com,Dr. P. Sethuammal,N/A,9843033330,N/A,"MBBS, MD (Micro)",Private,YES,NO,24x7,344/28c,11/2/2013,10/2/2018,9.887094,78.150868
1623,Military Hospital Blood Bank,Nagaland,DIMAPUR,Dimapur,"Army Supply Road, Signal Bosti, Dimapur",797112,N/A,8132805695,N/A,N/A,kunal6000@yahoo.com,,Col Kunal Chaterjee,8132805695,8132805695,kunal6000@yahoo.com,"MBBS, MD",Government,NO,NO,24x7,DL/NL/03.G/B,21-09-2001,31-12-2017,0,0
2474,Jeevan Dhara Blood Bank,Uttar Pradesh,FIROZABAD,Firozabad,"8 Buddh Ashram, Bye Paas Road",283203,N/A,N/A,N/A,N/A,,,,,,,,Private,,,N/A,,,,27.160557,78.398609
642,General Hospital Rewari Blood Bank,Haryana,REWARI,Rewari,"Room No. 16, Government / Civil Hospital Blood Bank,  , Kayasthwara Mohalla,",123401,"01274 253101,  01274 254 743",9416194222,,,bloodbankghrewari@gmail.com,,Dr Neetu Singh,1274253101,8130445401,neetuschaudhary.7@gmail.com,MBBS,Government,NO,NO,24X7,666,23-10-2008,Applied for renewal,28.202218,76.619789
2358,Continental Hospital Blood Bank,Telangana,RANGAREDDY,Hyderabad,"Plot No. 3, Road No. 2, IT & Financial district, Nanakramguda, Hyderabad",500035,"040 67000000, Extn: 1105",9963445607,NA,040 67225299,bloodbank@continentalhospitals.com,http://www.continentalhospitals.com,Dr. M. Upendra Srinivas,NA,8498094002,upendrasrinivas.m@continentalhospitals.com,MD (Pathology),Private,YES,YES,24x7,02/RR/AP/2013/BB/G,4/12/2013,4/11/2018,17.417886,78.339922
431,District Hospital Blood Bank,Goa,NORTH GOA,Mapusa,"District Hospital, Pedem, Mapusa, Goa",403507,0832 2253387,07507965359,NA,0832 2262211,asilolab@gmail.com,,Dr. Krupa Jog,0832 2262211,9850475464,krupsjog@gmail.com,,Government,NO,NO,12 hours  (09 am - 04.30 pm Blood Collection),888,24-02-2013,25-02-2018,15.597585,73.820198
1609,Dr. H. Gordon Roberts Hospital Blood Bank,Meghalaya,EAST KHASI HILLS,Shillong,"Jaiaw, Shillong",793002,0364 2545826,9774461158,,0364 2242197,hgrhbloodbank@gmail.com,,Dr Alvavina Tariang,9774461158,9774461158,atariang7@gmail.com,MBBS,Charity,NO,NO,24x7,15/DL/BB/MFG,1/10/2015,New License,25.584829,91.875283
1907,Kota Blood Bank Society,Rajasthan,KOTA,Kota,"Kota, 1-Basant Bihar, Dadabari, Near Modi College",324009,"0744 2402020, 0744 2402010",7442410100,,,kotabloodbank_97@rediffmail.com,http://www.kbbskota.com,Dr. Praveen Shankar Jha,0744 2402020,9214311187,pravinjha55@gmail.com,,Charity,YES,NO,24x7,RJ 1764/Dt. 21.03.97,21-03-1997,1/1/2013,25.15205,75.835195
2294,Yashoda Hospital (A Unit of Datta Chandra Hospital Pvt. Ltd.)  Blood Bank,Telangana,HYDERABAD,Secunderabad,"1-1-156/157, 9th Floor, Alexander Road, Secunderabad, Telangana",500003,"040 23319999, 040 24555555, 040 27713333",8096940111,040 67778918,040 27703999,dr.aparnasharma@yashodamail.com,http://www.yashodahospital.com,Dr. Aparna Sharma,040 67778917,8096940111,dr.aparnasharma@yashodamail.com,MD (Transfusion Medicine),Private,YES,YES,24x7,10/HD/AP/2004/BB/CC,9/1/2004,26-12-2015,17.441664,78.497002
645,General Hospital Blood Bank Sirsa,Haryana,SIRSA,Sirsa,"Room No 25, G.H Sirsa, Near Jhunthra Dharmsala Sirsa",125055,"01666241155, 01666 240122","09416657072, 09416779446",,,bbghsirsa@gmail.com,,Dr. Samta,,9416657072,,MD (Pathology),Government,NO,NO,24X7,396-B(H),1994,11/9/2015,29.538977,75.014269
792,Mallya Hospital Blood Bank,Karnataka,BENGALURU URBAN,Bengaluru,"No.2, Vittal Mallya Road",560001,080 22277979,9845043017,,9180 22121282,,http://www.mallyahospital.net,Dr SUDHINDRA SG,08022277979,9845043017,ss_964@rediffmail.com,Medical Officer,Private,YES,YES,24x7,KTK/28C-36/97,3/3/1997,30-12-2017,12.968063,77.595068
299,District Hospital Blood Bank Baloda Bazar,Chhattisgarh,BALOD,Baloda,Baloda,,,,,,,,,,,,,Government,NO,2,,,,,0,0
2715,Bankura Sammilani Medical College and Hospital Blood Bank,West Bengal,BANKURA,Bankura,"Gobindanagar, P.O.- Kenduadihi",722102,"03242 241366, 03242 244701, 702, 703",9467159242,N/A,"03242241366, 03242-250981",moicbloodbankbsmch@gmail.com,http://bsmedicalcollege.org.in/,Dr.Sudarsan saren,,9434149948,dr.sudarsansaren@gmail.com,,Government,YES,NO,24x7,DL-35-MB/SLA/CLAA/WB,31-12-2016,1-1-2017 to 30-12-2021,23.233875,87.037024
1394,K. J. Somaiya Medical College and Hospital Blood Bank,Maharashtra,MUMBAI,Mumbai,"Somaiya Ayurvihar Complex, Eastern Express Highway, Sion, Mumbai",400022,"022 24024671, 022 24020946, 022 24091855",9819426169,,,,,Dr. Pradnya Kulkarni,"022 24024671, 022 24090253 (Extn. 2013)",9819426169,pradnya@somaiya.edu,"MBBS, DPB",Charity,YES,,24x7,28-C / 31,7/3/2008,Applied for renewal,19.047282,72.874706
2594,Agrawal Life Line Hospital and Trauma Centre Blood Bank,Uttar Pradesh,MATHURA,Aurangabad,"Kamdhenu Nagar, Agra Road",281006,0565 2430857,N/A,N/A,N/A,N/A,,N/A,N/A,N/A,N/A,N/A,Private,,,24x7,N/A,N/A,N/A,27.435244,77.701066
350,Raipur Institute of Medical Science,Chhattisgarh,RAIPUR,Raipur,"RIMS Knowledge Park, Bhansoj Road, Off NH-6,",492101,0771-3053060-88 (29 Lines),N/A,,0771- 3053089,,https://rimsindia.ac.in/,Dr C M Verma,,9009597000,vermacmo407@gmail.com,,Charity,YES,NO,24x7,CG/28-C/ 22/2013,07.08.2013,06.08.2018,21.263176,81.637035
182,Saharia&#39;s Path Lab & Blood Bank,Assam,KAMRUP,Guwahati,"Guwahati - Shillong Rd, Near Petrol Pump, ABC, Bhangagarh, Opposite Anil Plaza",781005,"0361-2458595, 0361 245 8594",9864097823,N/A,N/A,sahariabloodbank@gmail.com,,Dr. Dhiren Saharia,,9864097823,dhirensaharia@gmail.com,"MBBS, MD",Private,YES,NO,24 x 7,100/DR/Mfg/Blood,24-02-2003,2019,26.16274,91.770664
1652,"Odisha Red Cross Blood Bank, Deogarh",Odisha,DEOGARH,Deogarh,"District Head Quarters Hospital, Deogarh",768108,06641 226182,"08895039405, 0943749595",,,bbdeogarh@gmail.com,,Dr. Debadutta Monanty,,9437523046,bbdeogarh@gmail.com,,Government,NO,NO,24x7,620,5/2/1997,Applied,21.534301,84.729719
1543,Civil Surgeon - General Hospital Blood Bank,Maharashtra,SINDHUDURG,Sindhudurga,"Sindhudurg Oros, At Post - Oros, Kudal, Sindhudurga (Oros)",416812,0236 2228902,"09422416949, 08007273138",,,orosbloodbank@gmail.com,,"Dr. Avinash J. Nalawade, Dr P. Satardekar","09422416949, 08007273138",02362 228566,"satardekar_prashant@yahoo.in, orosbloodbank@gmail.com, cssindhudurg@yahoo.co.in",MD (Pathology),Government,YES,YES,24x7,KD/17,29-07-2000,31-12-2016,16.12019,73.689563
1487,KEM Hospital Blood Bank,Maharashtra,PUNE,Pune,"Sardar Moodliar Road, Rastha Peth, Pune",411001,"020 26125600, 020 66037324, 020 26125603",,,,,,Dr. Aanand Chapekar,020 66037324,9823955650,itmt.ac@gmail.com,MBBS,Charity,YES,NO,10am TO 5pm,pd/36,25-01-2015,2020,18.519784,73.866906
1197,Mohit Blood Bank Services,Madhya Pradesh,INDORE,Indore,"21-22, Ground Floor Sch.No.54, Opposite, Meghdoot Garden",452010,"0731 5003333, 0731 2552833, 0731 2552844, 0731 2551850",,,,,,,,,,,,,,,,,,0,0
1472,Shri Krishna Blood Bank,Maharashtra,OSMANABAD,Omerga,"Dr. Patange Hospital Building, Ajay Nagar Omerga, Omerga,  Osmanabad",413606,"02457 252004, 02457 252232, 02457 252469",9422069904,,,dr.dbpatange@yahoo.com,,Dr. Damodar B. Patange,02457 252004,9422069904,dr.dbpatange@yahoo.com,"MS, FICS",Charity,YES,NO,24x7,AD/BB/003,10/8/1996,31-12-2016,17.83503,76.622149
2311,"Indian Red Cross Society Jagityal, Blood Bank",Telangana,KARIMNAGAR,JAGTIAL,"District Headquarters Hospital JAGTIAL , First Floor, Old Bus Stand",505327,9441290111,9440026445,,,rch2bloodbankahjagtial@gmail.com,,Dr. P. Shankaraiah,,9440026445,rch2jgtl@gmail.com,MBBS,Charity,YES,NO,24x7,14/KN/AP/2007/BB/R,8/1/2007,31-07-2017,18.438555,79.128841
316,M/s Shri Shankaracharya Blood Bank,Chhattisgarh,DURG,Bhilai,"Shankaracharya Institute of Medical Sciences, Junwani",,,9893787838,,,,,David Lal,9893787838,9893787838,,,Charity,,,,,,,0,0
618,Haryana Institute of Medical Sciences (HIMS) Hospital Blood Bank,Haryana,KAITHAL,Kaithal,"NH-152, Village-Ujhana, Ambala Road, Kaithal",,,,,,hims.ktl@gmail.com,,,,,,,Private,,,,,,,29.844728,76.441361
1555,Indian Red Cross Society - Sarjubai Bansila Bajaj Blood Bank,Maharashtra,SOLAPUR,Solapur,"62/2/3/4, Bhakti Marg, Pandharpur, Solapur",413304,"02186 223650, 02186 222219",9822259951,,,bajajbloodbank@gmail.com,,Dr. Khiste Anand R.,"02186 223650, 02186 222219",9422462846,"bajajbloodbank@gmail.com, bajajbloodbank@gmail.com",MD (Pathology),Charity,YES,NO,24x7,843 (28),27-10-1986,31-12-2016,17.562936,75.265589
2433,District Hospital Blood Bank,Uttar Pradesh,BALLIA,Ballia,District Hospital Blood Bank,277001,N/A,8382957867,N/A,N/A,N/A,,Dr. Mohamad Iqbal,8382957867,8382957867,N/A,MD (Pathology),Government,NO,NO,24x7,15/SC of /1999,2/8/1999,31-12-2012,25.750805,84.147468
844,Holy Cross Hospital Blood Bank,Karnataka,CHAMARAJANAGAR,Kollegal,"Kamagere , Kolegala Taluk, Chamaraja Nagar",571443,08226 263116,9535813053,,08224 263348,,http://www.holrcrosskamagere.org,Dr. Shivu P,08226 263116,9535813053,shivap183@gmail.com,MBBS,Private,NO,NO,24x7,KTK/28C/224/2009,3/12/2009,2/12/2019,12.12938,77.233586
1653,"Odisha Red Cross Blood Bank, Dhenkanal",Odisha,DHENKANAL,Dhenkanal,District Head Quarters Hospital,759001,06762 221388,9439123301,,,rbbdhenkanal@gmail.com,,Dr. Mina Kumari Diwari,,9439123301,,MBBS,Charity,NO,NO,24x7,640,1997,31-12-2017,20.663314,85.597065
2174,KMC Speciality Hospitals Blood Bank ( Kaveri Hospitals),Tamil Nadu,TIRUCHIRAPPALLI,Trichy,"No. 6 Royal Road, Cantonment, Trichy",620001,"0431 4077777, (Ex.2508)","09443965512, 09443076418",N/A,0431 2415402 (Hospital),Einfo@kauveryhospital.com,http://www.kauveryhospital.com,Dr. S. Sivamani,9443965512,9443076418,Einfo@kauveryhospital.com,MBBS,Private,YES,YES,24x7,6/28 C,23-10-2008,24-10-2013 to 23-10-2018,10.802301,78.680138
2022,Neyveli Lignite Corporation,Tamil Nadu,CUDDALORE,Neyveli,"NH532, M.K Colony, Neyveli, Tamil Nadu",607802,"04142 2522784, 04142 28364613",9791557028,N/A,04142 252784,nlcghbloodbank@gmail.com,http://www.nlcindia.com,Dr. Srinivas Suyamprakash,N/A,9443051569,path24ssp@yahoo.co.in,"MBBS, MD ( Pathology)",Government,NO,NO,24x7,129,20-05-1997,31-12-2017,11.537043,79.467181
390,Saroj Super Speciality Hospital  Blood Bank,Delhi,NORTH WEST DELHI,Delhi,"Saroj Super Speciality Hospital (Run by Ganesh Das Chowla Charitable Trust-Regd.), Sector-14, Rohini, Madhuban Chowk",110085,"011 47903333, 011 27903276",9818442406,,,rbansal1970@yahoo.com,http://www.sarojhospital.com,Dr. Reena Bansal,"01147903333 , 01127903276",9818442406,rbansal1970@yahoo.com,MBBS,Private,YES,YES,24x7,1898,16.05.2011,15.05.2016,28.70612,77.129045
1935,Geetanjali Medical College and Hospital Blood Bank,Rajasthan,UDAIPUR,Udaipur,"Hiranmagri Extension, Manwakhera NH-8 Bypass, Near Eklingpura Chouraha",313002,"0294 2500000, 0294 2500008","09461467755, 09414328867",0294-2500000-06,0294-2500007,surendrasingh_82@yahoo.com,http://www.geetanjalihospital.co.in/index.html,Dr. Arjun Lal Jain,,9461467755,surendrasingh_82@yahoo.com,MD,Charity,YES,YES,24x7,raj2363,2013,28-01-2018,24.553352,73.731888
693,SNM Hospital Blood Bank,Jammu and Kashmir,LEH LADAKH,Leh,"SNM Hospital, Main Bazar, Leh",194101,01982 252014,9622181045,,,,,Dr. Sonam Angmo,9419219750,9419219750,sonamangmo61@yahoo.in,MD (Pathology),Government,NO,NO,24X7,JK.02/05.06.101,14-01-2011,Under Process,34.153795,77.580209
1641,"Odisha Red Cross Blood Bank, SDH, Titlagarh",Odisha,BALANGIR,Titlagarh,"Sub-Divisional Hospital,Titlagarh, At/Po/Ps- Titlagarh,  Balangir",767033,06655 220318,9438337291,,,bloodbanktitlagarh@gmail.com,,Dr Krishna Chandra Pal,,9438337291,drkcp66@gmail.com,,Government,NO,NO,24x7,789,01.-09-2007,31-08-2012,20.2894944,83.1516406
2430,District Combined Hospital Blood Bank,Uttar Pradesh,BAGHPAT,Baghpat,"Bhajan Vihar, Baghpat",250609,,N/A,N/A,N/A,,,,,,,,Government,,,24x7,,,,28.946386,77.21707
916,Cauvery Hospital Blood Bank,Karnataka,Mysore,Mysore,"No.42/2B, 2C, Teresian College Circle, Siddarth Nagar",570011,0821 2425000,,9742525000,,,http://www.cauveryhospital.org/,Dr. Rashmi B.K.,0821 2425000,,bloodbank@cauveryhospital.org,MBBS,Private,,,24x7,,,,12.30509,76.695813
867,K. V. G Medical College Hospital Blood Bank,Karnataka,DAKSHINA KANNADA,Sullia,Kurinji Bag,574327,0824 230326,9343719508,,08257 233408,,http://www.kvgmedcollege.org/,Dr. Mahantha Devaru,0824 230326,9343719508,kvgmede@yahoo.com,Pathologist,Private,YES,NO,24x7,KTK/28C-163/2003,8/8/2003,7/8/2018,12.55332,75.384249
1803,Fortis Hospital Blood Bank,Punjab,LUDHIANA,Ludhiana,"6kms from Samrala Chowk, Chandigarh Road, Mundian Kalan Village, Near Radha Soami Satsang Bhavan,",141015,1615222333,7087431444,7087431444,0161 5222215,bloodbank.ldh@fortishealthcare.com,http://www.fortishealthcare.com/india/hospitals-in-punjab/fortis-hospital-ludhiana#.VNCFkFR7jUY,Dr. Heenakshi Sharma,01615 222333,9646860011,heenakshi.sharma@fortishealthcare.com,MD (Pathology),Private,YES,YES,24x7,1909-B,25-05-2015,24-05-2020,30.889292,75.935144
2689,AIIMS Rishikesh,Uttarakhand,DEHRADUN,Rishikesh,"Virbhadra Marg, Pashulok, Rishikesh.",249 201,0135 2462967,,,,,,Dr. Nilotpal Chowdhury,0135 2462967,,"nilotpal.chowdhury@gmail.com,transfusionmedicineris@gmail.com",,Government,YES,NO,24*7,,,,0,0
1212,Index Medical College Hospital and Research Centre Blood Bank,Madhya Pradesh,INDORE,Indore,"104, Trishul Apartment, 5, Sanghi Colony, Opposite to Amaltas Hotel, A.B. Road",462008,0731 4215757,9752538454,,0731 4044715,,,,,,,,,,,,,,,22.732016,75.888857
26,M/s. A.P.V.V.P Area Hospital Blood Bank,Andhra Pradesh,EAST GODAVARI,Amalapuram,"Ground Floor Area Hospital, Amalapuram",533201,NA,"09505152234, 09491219991",NA,NA,NA,,Dr. G. Karnal Raju,NA,09989106236,bloodbankahamp@gmail.com,"MBBS, DLO",Government,NO,NO,24x7,8/EG/AP/2006/BB/G,28.08.2006,28.08.2019,16.575367,81.998101
292,P.N.H Mahatma Budh Educational and Research Centre Blood Bank,Bihar,SIWAN,Siwan,"Mahatma Budh Educational and Research Centre, situated at Popular Nursing Home, East of Gandhi Maidan",841226,06154 245245,"09852032870, 09430523283",,,jitesh000123@gmail.com,,Dr. Mukti Nath Singh,,"09934923283, 07783006060",bloodbankpnhsiwan24@gmail.com,,Charity,NO,,N/A,BR-01(N) /2014,05.05.2014,04.05.2019,0,0
2764,B.R. Singh Hospital Blood Bank,West Bengal,KOLKATA,Kolkata,"Eastern Railway, Sealdah",700014,033 23523679,9434176999,N/A,N/A,,,,9434176999,,,,Government,NO,,24x7,DL-61-MB/SLA/CLAA/WB,31-12-1996,2012-16 (R),22.565712,88.370758
219,Tinsukia Civil Hospital Blood Bank,Assam,TINSUKIA,Tinsukia,"Bordoloi Nagar, Tinsukia",786125,0374 2308343,8876262939,,N/A,bloodbanktinsukia@gmail.com,,Dr. Mridul Gogoi,0374 2300044,9435528636,bloodbanktinsukia@gmail.com,"MBBS,MD",Government,NO,NO,24 x 7,96/DR/Mfg/Blood,10/12/2013,9/12/2018,27.498632,95.358861
2233,Rajiv Gandhi Institute of Medical Sciences Blood Bank,Telangana,ADILABAD,Adilabad,"Teachers Colony, Near State Bank of Hyderabad, Ground Floor, IP Block, Govt. District Head Quarters Hopsital Premises",504001,8732224108,9849905223,,,"surya111199@yahoo.com, bbrimsadb@gmail.com",,Dr.Sridhar Reddy,,,bbrimsadb@gmail.com,,Government,YES,,24x7,,,,19.664144,78.524732
2525,Government Medical College and Hospital Blood Bank,Uttar Pradesh,JALAUN,Orai,"Government Medical College and Hospital, Orai",285001,05162 210201,N/A,N/A,N/A,N/A,,N/A,N/A,N/A,N/A,N/A,Government,,,24x7,N/A,N/A,N/A,25.999845,79.473401
246,Sadar Hospital Lakhisarai Blood Bank,Bihar,LAKHISARAI,Lakhisarai,"Jamui - Lakhisarai Road, Jamui",811311,6346232267,"09431418374, 09304065264",,,,,Dr. Rakesh Kumar,N/A,9431418374,bloodbanklak@gmail.com,N/A,Government,NO,,N/A,89(N)/04,5/10/2004,04.10.2009,0,0
32,"M/s. Swatantra Hospital,  Blood Bank",Andhra Pradesh,EAST GODAVARI,Rajahmundry,"D.No: 46-13-31,1st Floor, Gowthami Scan Centre Private Limited, Near Gandhi Park,  Danaviepeta, Rajahmundry.",533103,"0883 2464745, 0883 246569878, 0883 2461493",NA,NA,NA,NA,,Dr. M. C. Ramesh,NA,09642359555,swantantrabbrjy@gmail.com,MBBS,Private,NO,NO,24x7,127/EG/AP/98/BB/R,21.01.1992,04.12.2018,0,0
723,Hazaribag Sadar Hospital Blood Bank,Jharkhand,HAZARIBAGH,Hazaribagh,"Blood Bank, Sadar Hospital Campus Hazaribag",825301,06546 265289,"08092769023, 08969231140",,,r.khairihzb@gmail.com,,Dr. K.P Singhi,06546 265289,7870306372,r.khairihzb@gmail.com,MBBS,Government,NO,NO,24X7,JH/BB/06/2003,16-10-2003,15-10-2008 (Pending),23.997502,85.3564179
2738,Cooch Behar Municipality Hospital Blood Bank,West Bengal,Cooch Behar,Cooch Behar,"Cooch Behar Municipality Building (Ground Floor), Near Sagar Dighi, Po - Cooch Behar",736101,03582 222286,,,,chairmancbm@gmail.com,,Dr Jayanta Kr Mohanta,,9923352879,,,Government,NO,NO,24x7,DL-90-MB/SLA/CLAA/WB,21-07-1999,31-12-2012,26.3193973,89.4406897
733,"Heavy Engineering Corporation, Plant Hospital Blood Bank",Jharkhand,RANCHI,Ranchi,"Sector III, HEC Campus, Opposite JSCA Stadium, Ranchi",834004,0651 2444336,9835539866,,,cmo@heclltd.com,,Dr. (Mrs.) Anulekha Mukherjee,0651 2444336,9835539866,"dramukherjee@hecltd.com, cmo@heclltd.com","MD, DCP",Government,NO,NO,24X7,JH/BB/1289/1997,12/8/1997,31-12-2017,23.313367,85.277743
1941,Government General Hospital Blood Bank,Sikkim,SOUTH Sikkim,Namchi,"Namchi District Hospital, Hospital Road, Namchi",737126,03595 264544,7797895320,,,anjurai100@gmail.com,,Dr. Anju Rai,7797895320,7797895320,anjurai100@gmail.com,MBBS,Government,NO,NO,24x7,M/377/BB/2K,24-10-2000,31-12-2016,27.165618,88.360388
2198,Revathy Medical Centre Blood Bank,Tamil Nadu,TIRUPPUR,Thiruppur,"No 10, CKP Layout 4th Floor, Valayankadu Main Road, Kumar Nagar (West) Avinashi Road, Tiruppur",614603,0421 4332211,"09842247997, 09842233335",N/A,0421 4332211,revathimedicalcenter@gmail.com,http://www.revathimedicalcenter.com,Dr. R. Eswaramurthi,,9842247997,revathimedicalcenter@gmail.com,MBBS,Private,YES,NO,24x7,289/28 C,7/5/2008,07-05-2013 to 06-06-2018,11.120178,77.32933
61,Vijaya Sri Blood Bank,Andhra Pradesh,KRISHNA,Vijayawada,"VijayaSri Palace,D. No. 29-19-27/4, Ground Floor, First Floor and Second Floor, Dornakal Road, Suryaraopet, Vijayawada",520002,0866 2433199,9392120187,,,vijayasribloodbankvja @gmail.com,,Dr.T.Gopala Krishna Murthy,9392120187,9701233199,drtgopalakrishnamurthy @yahoo.com,MBBS,Charity,YES,YES,24x7,14/KR/AP/2005/BB/CP,29-4-2013,28-4-18,16.51304,80.635644
1187,Society of Saint Joseph Hospital Blood Bank,Madhya Pradesh,HOSHANGABAD,Hoshangabad,"Housing Board Road, Hoshangabad",461001,0757 4257835,,,,,,,,,,,,,,,,,,0,0
